index,data,label,vote_result,prediction,,,
0,[177.  180.  177.  190.  191.  185.    0.    0.    0.  190.  193.5],['C'],C,CORRECT,,,
1,[181.  180.  179.5 180.  185.    0.  180.  177.    0.  189.  181. ],['A'],A,CORRECT,,,
2,[186. 193. 193. 177. 179.   0. 177. 178.   0. 177. 177.],['B'],B,CORRECT,,,
3,[177.  183.5 178.  186.  186.  187.  177.  185.    0.  187.5 197. ],['D'],D,CORRECT,,,
4,[184.  189.  181.  177.  180.    0.  177.  181.5   0.  191.5 180. ],['A'],A,CORRECT,,,
5,[184. 190. 196. 177. 177. 178.   0. 177.   0. 187. 180.],['B'],B,CORRECT,,,375
6,[177.  177.  179.  177.  185.  181.  178.  177.    0.  188.5 192. ],['C'],C,CORRECT,,,33
7,[  0.   0.   0. 177. 177. 186.   0.   0.   0. 177. 192.],['D'],D,CORRECT,,,0.919117647
8,[181. 179. 177. 178. 184. 177. 180. 177.   0. 188. 181.],['A'],A,CORRECT,,,
9,[177.  182.  178.  189.5 191.  185.    0.    0.    0.  191.  193. ],['C'],C,CORRECT,,,
10,[187.  191.  178.    0.    0.  180.  177.    0.    0.  178.  178.5],['A'],A,CORRECT,,,
11,[185.5 190.  180.5 177.    0.  181.  177.  177.    0.  177.  178. ],['A'],A,CORRECT,,,
12,[187. 193. 193. 177. 179. 185. 177. 178.   0.   0. 177.],['B'],B,CORRECT,,,
13,[187. 190. 181.   0.   0. 180. 177. 177.   0. 178. 178.],['A'],A,CORRECT,,,
14,[184.  191.5 194.  177.  177.  177.    0.  177.    0.  182.  179. ],['B'],B,CORRECT,,,
15,[178.5 182.  181.  181.  185.  177.    0.  177.    0.  188.  181. ],['A'],A,CORRECT,,,
16,[177.  177.  177.  179.  185.  181.  180.  177.    0.  182.5 190.5],['C'],C,CORRECT,,,
17,[  0. 179. 183. 191. 185. 186. 177. 187.   0. 187. 197.],['D'],D,CORRECT,,,
18,[184.  191.  194.  177.  177.  178.    0.  177.    0.  187.  179.5],['B'],B,CORRECT,,,
19,[185.  191.  196.  181.  177.  180.    0.  177.    0.  185.5 178. ],['B'],B,CORRECT,,,
20,[184.5 191.5 194.  177.  177.  178.    0.  177.    0.  188.  179. ],['B'],B,CORRECT,,,
21,[  0. 183. 178. 185. 187. 188. 177. 185.   0. 187. 195.],['D'],D,CORRECT,,,
22,[183.5 184.5 180.  179.    0.  181.  179.  177.    0.  183.    0. ],['A'],A,CORRECT,,,
23,[181.  180.  177.  177.  184.  177.  180.5 177.    0.  186.  180.5],['A'],A,CORRECT,,,
24,[177. 182. 178. 190. 191. 185.   0.   0.   0. 190. 193.],['C'],C,CORRECT,,,
25,[  0.  177.    0.  183.5 184.  185.  177.    0.    0.  181.5 192. ],['D'],D,CORRECT,,,
26,[177.  177.  177.  179.  185.  180.  180.  177.    0.  181.  191.5],['C'],C,CORRECT,,,
27,[184.  192.  193.5 177.  177.  178.  177.  177.    0.  187.  179. ],['B'],B,CORRECT,,,
28,[  0.  177.  180.5 180.  188.  184.    0.  177.    0.  188.  196. ],['D'],D,CORRECT,,,
29,[177.    0.  177.5 182.  184.  181.  177.  177.    0.  177.  188. ],['D'],C,WRONG,,,
30,[  0.  177.  181.  185.  185.    0.  177.    0.    0.  180.5 192. ],['D'],D,CORRECT,,,
31,[  0.   0. 180. 177. 185. 177. 177. 177.   0. 188. 193.],['C'],C,CORRECT,,,
32,[  0.  177.5 177.  185.  185.  183.  177.    0.    0.  180.  191.5],['D'],D,CORRECT,,,
33,[177.  182.  179.  183.5 185.  185.  177.    0.    0.  189.  193. ],['C'],C,CORRECT,,,
34,[177.  177.  177.  180.  185.  181.  179.  177.    0.  186.5 191. ],['C'],C,CORRECT,,,
35,[  0.  177.  185.  181.5 189.  184.    0.  177.    0.  188.5 195.5],['D'],D,CORRECT,,,
36,[187. 193. 198. 180. 177. 179.   0. 177.   0. 182. 177.],['B'],B,CORRECT,,,
37,[177.  182.  177.5 184.5 191.  185.  179.  177.    0.  185.5 192. ],['C'],C,CORRECT,,,
38,[183.5 184.  180.  178.  184.  177.  178.5   0.    0.  183.5 179. ],['A'],A,CORRECT,,,
39,[177.  178.  183.5 185.  186.  184.    0.  177.    0.  187.    0. ],['D'],B,WRONG,,,
40,[  0.  177.  177.  185.  185.  183.  177.    0.    0.  180.  192.5],['D'],D,CORRECT,,,
41,[185.  187.5 190.    0.  181.  177.  177.  178.    0.  180.  177. ],['A'],B,WRONG,,,
42,[187.  194.  193.  178.5 179.  185.  177.  177.    0.  177.5 177. ],['B'],B,CORRECT,,,
43,[187. 193. 198. 180. 177. 178.   0. 177.   0. 180. 177.],['B'],B,CORRECT,,,
44,[184.  189.  178.  178.  179.    0.    0.  182.    0.  191.5 181. ],['A'],A,CORRECT,,,
45,[187.  194.  193.  177.  179.  185.  177.  177.5   0.  177.  177. ],['B'],B,CORRECT,,,
46,[177.  177.  177.  179.  185.  181.  178.5 177.    0.  181.  191. ],['C'],C,CORRECT,,,
47,[  0.   0. 179. 181. 185. 177. 178. 177.   0. 188. 193.],['C'],C,CORRECT,,,
48,[181. 190. 179. 178. 184. 177. 179. 177.   0. 186. 180.],['A'],A,CORRECT,,,
49,[181.  180.  180.  178.5 184.  177.  181.  177.    0.  189.  180.5],['A'],A,CORRECT,,,
50,[187. 190. 180. 177.   0. 181.   0.   0.   0. 177. 177.],['A'],A,CORRECT,,,
51,[186.  190.  180.5 177.  177.  180.  177.    0.    0.    0.  177. ],['A'],A,CORRECT,,,
52,[181.  179.  178.5 179.  178.  177.  180.5 179.    0.  190.5 180. ],['A'],A,CORRECT,,,
53,[183.  190.  181.  179.    0.    0.  178.5 177.    0.  182.5 177. ],['A'],A,CORRECT,,,
54,[  0.  177.    0.  183.  184.  186.  177.    0.    0.  182.  192.5],['D'],D,CORRECT,,,
55,[187. 194. 198. 181. 177. 178. 177. 177.   0. 179. 177.],['B'],B,CORRECT,,,
56,[  0. 177. 183. 182. 183. 184. 178. 177.   0. 186. 193.],['D'],D,CORRECT,,,
57,[185. 190. 178. 177. 178. 177. 177. 182.   0. 184. 181.],['A'],A,CORRECT,,,
58,[177.  177.  177.  179.5 185.  180.  179.  177.    0.  182.  191.5],['C'],C,CORRECT,,,
59,[184.  191.  194.  177.  177.  179.    0.  177.    0.  186.5 180. ],['B'],B,CORRECT,,,
60,[187. 192. 193.   0. 177. 185. 177. 179.   0. 177. 177.],['B'],B,CORRECT,,,
61,[177.  181.5 178.  189.  191.  186.    0.    0.    0.  190.  193. ],['C'],C,CORRECT,,,
62,[177.  182.  178.5 183.  185.  185.  177.  177.    0.  190.  193. ],['C'],C,CORRECT,,,
63,[183.  184.5 181.  178.  178.  177.  177.  182.    0.  188.  181. ],['A'],A,CORRECT,,,
64,[181.5 179.  179.  179.  184.  177.  179.5 177.    0.  189.  180. ],['A'],A,CORRECT,,,
65,[177.    0.  177.  180.5   0.    0.  180.  177.    0.  180.  191.5],['C'],C,CORRECT,,,
66,[  0.   0. 177. 178. 180.   0.   0.   0.   0. 191.   0.],['A'],D,WRONG,,,
67,[183.  189.  179.5 178.  178.  177.  178.5 182.    0.  187.  180. ],['A'],A,CORRECT,,,
68,[183.  189.5 178.  177.  179.  177.  177.  182.    0.  192.  180. ],['A'],A,CORRECT,,,
69,[187.  193.  192.5 177.  179.  185.  177.  178.    0.  177.  177. ],['B'],B,CORRECT,,,
70,[177.   0. 179. 177. 185. 177. 177. 177.   0. 188. 192.],['C'],C,CORRECT,,,
71,[  0.    0.  179.  177.  185.  177.    0.  177.    0.  188.5 193. ],['C'],C,CORRECT,,,
72,[  0.  177.  177.  185.  185.  183.  177.    0.    0.  180.  192.5],['D'],D,CORRECT,,,
73,[187. 190. 180. 177.   0. 180. 177. 177.   0. 184. 179.],['A'],A,CORRECT,,,
74,[  0.  177.  184.5 183.  189.  184.    0.  177.    0.  188.5 196. ],['D'],D,CORRECT,,,
75,[  0.   0. 180. 177.   0. 177. 177. 177.   0. 189. 193.],['C'],C,CORRECT,,,
76,[177.   0. 181. 178. 185. 177. 177. 177.   0. 189. 192.],['C'],C,CORRECT,,,
77,[184.5 180.  179.  178.  184.  181.  180.  177.    0.  183.  180. ],['A'],A,CORRECT,,,
78,[177.    0.  178.5 178.  184.5 177.  179.  177.    0.  188.  191. ],['C'],C,CORRECT,,,
79,[185.  191.  194.  177.  177.  179.    0.  177.    0.  182.5 178.5],['B'],B,CORRECT,,,
80,[  0. 182. 177. 190. 191. 185.   0.   0.   0. 191. 193.],['C'],C,CORRECT,,,
81,[  0. 177. 185. 181. 189. 185.   0.   0.   0. 188. 196.],['D'],D,CORRECT,,,
82,[177. 178. 182. 188. 185. 185.   0. 187.   0. 186. 198.],['D'],D,CORRECT,,,
83,[185.  192.5 194.  177.  177.  178.    0.  177.    0.  183.5 178. ],['B'],B,CORRECT,,,
84,[185.  185.  181.  180.    0.  177.  178.5 177.    0.  180.5 178.5],['A'],A,CORRECT,,,
85,[182.  184.5 179.  178.  184.  177.  181.  179.5   0.  186.  181. ],['A'],A,CORRECT,,,
86,[  0. 177. 185. 182. 189. 184.   0. 177.   0. 188. 196.],['D'],D,CORRECT,,,
87,[177.  177.  177.  180.  185.  180.  178.5 177.    0.  181.5 192. ],['C'],C,CORRECT,,,
88,[  0. 177. 183. 181. 189. 184.   0. 177.   0. 188. 196.],['D'],D,CORRECT,,,
89,[177. 181. 178. 190. 191. 185.   0.   0.   0. 190. 193.],['C'],C,CORRECT,,,
90,[177.    0.  180.  177.  185.  177.  177.  177.    0.  188.5 193. ],['C'],C,CORRECT,,,
91,[  0. 181. 177. 182. 177. 178.   0.   0.   0. 180. 197.],['D'],D,CORRECT,,,
92,[177.  178.  182.5 187.    0.  185.  177.  187.    0.  186.  197. ],['D'],A,WRONG,,,
93,[186.5 190.  183.  177.    0.  181.  177.  179.5   0.  179.  177.5],['A'],A,CORRECT,,,
94,[  0. 177. 185. 182. 185. 185. 177. 177.   0. 188. 196.],['D'],D,CORRECT,,,
95,[177.    0.  179.5 177.  185.  177.  177.  177.    0.  189.  193. ],['C'],C,CORRECT,,,
96,[  0.  177.  182.  183.  183.  188.  177.  180.5   0.  180.  195. ],['D'],D,CORRECT,,,
97,[  0.    0.  177.  177.  185.  181.  177.  177.    0.  185.5 193. ],['C'],C,CORRECT,,,
98,[186.   0. 193.   0. 178. 185.   0. 178.   0. 177. 177.],['B'],C,WRONG,,,
99,[185.5 190.  182.  177.  179.  177.    0.    0.    0.  184.5 178. ],['A'],B,WRONG,,,
100,[177.   0. 179. 177. 185. 177. 177. 177.   0. 188. 193.],['C'],C,CORRECT,,,
101,[185.5 190.  182.  177.    0.  181.  177.    0.    0.  177.  178.5],['A'],A,CORRECT,,,
102,[184. 179. 179. 177. 184. 177. 181. 182.   0. 188. 181.],['A'],A,CORRECT,,,
103,[  0.  181.  179.  177.5 185.  177.  180.5 177.    0.  186.5 181. ],['A'],D,WRONG,,,
104,[177.  182.  180.  177.  191.  185.  177.    0.    0.  189.5 193. ],['C'],C,CORRECT,,,
105,[186.  192.5 193.  177.  179.  179.  177.  177.5   0.  177.  177. ],['B'],B,CORRECT,,,
106,[187. 194. 193. 177. 179. 185. 177. 179.   0. 177. 177.],['B'],B,CORRECT,,,
107,[177.    0.  179.5 186.    0.  183.  177.  187.    0.  181.5 193.5],['D'],C,WRONG,,,
108,[184.  189.  178.  177.  179.  177.    0.  181.5   0.  191.  181. ],['A'],A,CORRECT,,,
109,[183.  189.  178.5 177.  178.  177.  177.  182.    0.  190.5 180. ],['A'],A,CORRECT,,,
110,[177. 184. 177. 186. 187. 188. 177. 185.   0. 187. 197.],['D'],D,CORRECT,,,
111,[177.  177.  181.  184.5 183.  183.  177.  178.    0.  180.  192. ],['D'],C,WRONG,,,
112,[177. 182. 179. 190. 191.   0. 177.   0.   0. 190. 193.],['C'],C,CORRECT,,,
113,[177.  177.  178.5 179.  185.  182.  179.5 177.    0.  182.  191.5],['C'],C,CORRECT,,,
114,[185.5 189.5 180.  177.    0.  181.    0.  182.    0.  184.  178.5],['A'],A,CORRECT,,,
115,[177.  184.  192.5 177.  177.  180.    0.  177.    0.  190.  178. ],['B'],B,CORRECT,,,
116,[177. 181. 178. 190. 191. 185.   0.   0.   0. 191. 193.],['C'],C,CORRECT,,,
117,[  0.  177.  184.  183.5 190.  184.    0.  177.    0.  189.  195.5],['D'],D,CORRECT,,,
118,[  0.  177.  177.  183.  184.  185.  177.  177.    0.  183.  191.5],['D'],D,CORRECT,,,
119,[185.5 190.  180.  177.  178.    0.  177.  177.    0.  177.  178. ],['A'],A,CORRECT,,,
120,[180.5 179.5 180.  177.  184.  177.  180.5 177.    0.  188.  181. ],['A'],A,CORRECT,,,
121,[185.  191.  193.5 177.  177.  177.    0.  177.    0.  188.  178.5],['B'],B,CORRECT,,,
122,[186. 192. 193. 177. 178. 185.   0. 179.   0. 177. 177.],['B'],B,CORRECT,,,
123,[187. 193. 198. 180. 177. 178.   0. 177.   0. 181. 177.],['B'],B,CORRECT,,,
124,[185. 191. 194. 177. 177. 177.   0. 177. 177. 187. 179.],['B'],B,CORRECT,,,
125,[  0.  177.  185.  181.  189.  184.    0.    0.    0.  184.  195.5],['D'],D,CORRECT,,,
126,[177.  178.5 180.  188.  184.  183.  177.  187.    0.  185.  198.5],['D'],D,CORRECT,,,
127,[177.  178.  182.5 188.  185.  186.    0.  187.    0.  186.  198. ],['D'],D,CORRECT,,,
128,[177.  179.  181.  188.  185.  185.    0.  187.    0.  185.5 197.5],['D'],D,CORRECT,,,
129,[186.5 190.  181.  177.    0.  181.    0.    0.    0.  177.  177. ],['A'],A,CORRECT,,,
130,[177.  177.  177.  178.5   0.  181.  178.  177.    0.  181.  191.5],['C'],A,WRONG,,,
131,[186.  191.5 193.  177.  177.  177.    0.  177.    0.  182.  179. ],['B'],B,CORRECT,,,
132,[187.  192.  193.  177.  178.  185.  177.  177.5   0.  177.  177. ],['B'],B,CORRECT,,,
133,[177.   0. 179. 177. 185. 177. 177. 177.   0. 189. 192.],['C'],C,CORRECT,,,
134,[181.  179.  181.5 179.  184.  177.  180.5 177.    0.  184.  179. ],['A'],A,CORRECT,,,
135,[182. 180. 179. 178. 184. 177. 180. 177.   0. 188. 179.],['A'],A,CORRECT,,,
136,[177. 177. 177. 180. 185. 181. 179. 177.   0. 181. 192.],['C'],C,CORRECT,,,
137,[177.  177.  177.  179.5 185.  181.  179.  177.    0.  181.  191.5],['C'],C,CORRECT,,,
138,[179.  191.5 193.  179.  178.  185.  177.  179.    0.  177.  177. ],['B'],B,CORRECT,,,
139,[  0.  177.  177.  185.  185.  183.  177.    0.    0.  180.5 193. ],['D'],D,CORRECT,,,
140,[187. 191. 193. 177. 178. 185. 177. 178.   0. 177. 177.],['B'],B,CORRECT,,,
141,[  0.    0.  178.5 183.5 191.  177.  177.  177.    0.  189.  193. ],['C'],C,CORRECT,,,
142,[185.  192.5 196.  177.  177.  177.    0.  177.    0.  184.5 178. ],['B'],B,CORRECT,,,
143,[177.   0. 179. 177. 185. 177. 177. 177.   0. 189. 193.],['C'],C,CORRECT,,,
144,[185.  189.5 180.5 177.  179.  180.  177.  177.    0.  184.  178.5],['A'],A,CORRECT,,,
145,[  0. 177. 177. 183. 183. 185. 177. 177.   0. 182. 195.],['D'],D,CORRECT,,,
146,[187.  192.5 198.  179.  177.    0.    0.  177.    0.  179.  178. ],['B'],B,CORRECT,,,
147,[185. 191. 194. 177. 177. 177.   0. 177.   0. 186. 179.],['B'],B,CORRECT,,,
148,[186. 190. 181. 177.   0.   0.   0. 177.   0.   0. 178.],['A'],B,WRONG,,,
149,[  0.    0.  177.  183.  185.  188.  177.    0.    0.  177.5 191.5],['D'],D,CORRECT,,,
150,[184.  191.  194.  177.  177.    0.    0.  177.    0.  184.5 177.5],['B'],B,CORRECT,,,
151,[  0.   0. 180. 177. 184. 177. 177. 178.   0. 189. 193.],['C'],C,CORRECT,,,
152,[  0. 177. 177. 185. 186. 183. 177. 177.   0. 180. 193.],['D'],D,CORRECT,,,
153,[180.  184.  180.5 181.  177.    0.  178.5 177.    0.  177.  178. ],['A'],A,CORRECT,,,
154,[186.5 190.  180.  177.    0.    0.  177.    0.    0.  178.  177. ],['A'],A,CORRECT,,,
155,[  0.  177.  177.  185.  185.  183.  177.    0.    0.  181.  191.5],['D'],D,CORRECT,,,
156,[  0. 177. 186. 182. 189.   0.   0. 177.   0. 188. 196.],['D'],D,CORRECT,,,
157,[  0.  177.  177.  185.  185.  184.  177.    0.    0.  180.5 191.5],['D'],D,CORRECT,,,
158,[  0.  177.  185.  181.5 189.  184.    0.  177.    0.  188.5 195.5],['D'],D,CORRECT,,,
159,[186.5 185.5 180.    0.  177.  180.  177.  177.    0.  177.  177. ],['A'],A,CORRECT,,,
160,[  0.  177.    0.  183.  183.  186.  178.5 177.    0.  182.  190.5],['D'],D,CORRECT,,,
161,[185.5 190.  180.  177.    0.  181.  177.  177.    0.    0.  177.5],['A'],A,CORRECT,,,
162,[183.  189.5 177.  177.  178.  177.  177.  182.    0.  190.5 180.5],['A'],A,CORRECT,,,
163,[182.  184.5 179.  177.  184.  181.  178.  177.    0.  183.  179.5],['A'],A,CORRECT,,,
164,[  0.  177.  184.5 182.  188.  184.    0.  177.    0.  188.  195. ],['D'],D,CORRECT,,,
165,[  0.  179.  182.5 185.  186.  185.    0.  187.    0.  185.  197. ],['D'],D,CORRECT,,,
166,[185. 193. 198. 180. 177. 177.   0. 177.   0. 177. 177.],['B'],B,CORRECT,,,
167,[177. 180. 181. 188. 185. 185. 177. 187.   0. 185. 198.],['D'],D,CORRECT,,,
168,[180.  179.    0.  178.  185.  177.  178.5 179.5   0.  185.  181. ],['A'],C,WRONG,,,
169,[  0. 177. 184. 180. 189. 184.   0. 177.   0. 188. 196.],['D'],D,CORRECT,,,
170,[187. 190. 179. 177.   0. 181. 177. 177.   0. 177. 178.],['A'],A,CORRECT,,,
171,[177.    0.  181.  186.  187.  188.    0.  185.    0.  187.  196.5],['D'],C,WRONG,,,
172,[  0.  177.  179.5 186.5 185.    0.  177.    0.    0.  180.5 192. ],['D'],D,CORRECT,,,
173,[183. 189. 178. 177. 177. 177. 177. 181.   0. 191. 180.],['A'],A,CORRECT,,,
174,[177.  177.  177.  180.  185.  181.  179.  177.    0.  181.5 191. ],['C'],C,CORRECT,,,
175,[  0.  177.  180.5 182.  190.    0.    0.  177.    0.  189.  195.5],['D'],D,CORRECT,,,
176,[183.5 188.5 178.  177.  179.  177.    0.  181.5   0.  191.  180.5],['A'],A,CORRECT,,,
177,[186.5 190.  181.  177.    0.  180.  177.    0.    0.  178.  177.5],['A'],A,CORRECT,,,
178,[184.5 191.  194.  177.  177.  179.  177.  177.    0.  187.  180. ],['B'],B,CORRECT,,,
179,[185. 189. 179. 177.   0. 177. 177. 181.   0. 184. 179.],['A'],A,CORRECT,,,
180,[  0. 178. 181. 188. 185. 185.   0. 187.   0. 185. 197.],['D'],D,CORRECT,,,
181,[183.  190.  178.5 177.  179.  177.  177.  182.    0.  191.  180. ],['A'],A,CORRECT,,,
182,[187.  189.  181.    0.    0.  180.  177.  177.    0.  177.  177.5],['A'],A,CORRECT,,,
183,[186.   0. 198. 181. 177. 180.   0. 177.   0. 180. 177.],['B'],C,WRONG,,,
184,[  0.  177.  183.  182.5 189.  184.    0.  177.    0.  188.  196. ],['D'],D,CORRECT,,,
185,[183.5 190.  180.  178.    0.  181.  180.    0.    0.  177.    0. ],['A'],A,CORRECT,,,
186,[177. 177. 177. 179. 185. 180. 179. 177.   0. 181. 191.],['C'],C,CORRECT,,,
187,[177.  179.  182.  188.  185.  185.  177.  187.    0.  185.5 197. ],['D'],D,CORRECT,,,
188,[177. 177. 177. 177. 185. 177. 178. 177.   0. 182. 192.],['C'],C,CORRECT,,,
189,[186.  189.5 181.  177.5   0.  180.  177.  177.    0.  177.  177. ],['A'],A,CORRECT,,,
190,[185.  199.  185.5 177.  177.    0.  177.  177.    0.  187.  181. ],['A'],B,WRONG,,,
191,[  0.  177.  177.  185.  185.  183.  177.    0.    0.  181.  191.5],['D'],D,CORRECT,,,
192,[185. 192. 194. 177. 177. 180.   0. 177.   0. 186. 179.],['B'],B,CORRECT,,,
193,[177.  178.5 180.5 187.  185.  185.    0.  187.    0.  186.5 197.5],['D'],D,CORRECT,,,
194,[181.5 179.  179.  178.  184.  177.  181.  177.    0.  189.  180. ],['A'],A,CORRECT,,,
195,[184. 190. 193. 177. 177. 178.   0. 177.   0. 187. 179.],['B'],B,CORRECT,,,
196,[188.  193.5 193.  177.  180.  179.    0.  177.5   0.  177.  177. ],['B'],B,CORRECT,,,
197,[  0.   0. 177. 182. 184. 185. 177. 177.   0. 178. 190.],['D'],D,CORRECT,,,
198,[177.  177.  177.  179.  185.  182.  179.5 177.    0.  182.  191. ],['C'],C,CORRECT,,,
199,[187.  193.5 193.  177.  179.  185.  177.  178.    0.    0.  177. ],['B'],B,CORRECT,,,
200,[  0.  177.5 177.  185.  185.    0.  177.  188.    0.  181.  190. ],['D'],D,CORRECT,,,
201,[181.  180.  180.  178.  184.  177.  180.  177.    0.  188.  180.5],['A'],A,CORRECT,,,
202,[187. 191. 193. 177. 179. 185. 177. 178.   0. 177. 177.],['B'],B,CORRECT,,,
203,[177. 182. 178. 190. 191. 185.   0.   0.   0. 190. 193.],['C'],C,CORRECT,,,
204,[187.  193.5 198.  178.5 178.  185.  177.  178.    0.  181.5 177. ],['B'],B,CORRECT,,,
205,[184.5 190.  193.  177.  180.  185.    0.  178.    0.  182.  177. ],['B'],B,CORRECT,,,
206,[187. 194. 193. 177. 178. 185. 177. 178.   0. 177. 177.],['B'],B,CORRECT,,,
207,[182. 189. 178. 177. 178. 177.   0. 182.   0. 190. 180.],['A'],A,CORRECT,,,
208,[184.5 190.5 194.  177.  177.  178.    0.  177.    0.  186.5 179. ],['B'],B,CORRECT,,,
209,[184.  184.5 180.  177.5 178.    0.  177.  179.    0.  190.5 180. ],['A'],A,CORRECT,,,
210,[186.  189.5 180.5 177.    0.  180.  177.  177.    0.  177.5 178. ],['A'],A,CORRECT,,,
211,[186. 189. 179. 177.   0. 180. 177. 177.   0. 177. 178.],['A'],A,CORRECT,,,
212,[177. 182. 177. 190. 191. 185. 177.   0.   0. 190. 193.],['C'],C,CORRECT,,,
213,[184.  190.  180.  177.  184.  180.  179.    0.    0.  182.5 179. ],['A'],A,CORRECT,,,
214,[186.  193.  193.  177.  179.  185.  177.  178.5   0.  177.  177. ],['B'],B,CORRECT,,,
215,[  0. 177. 177. 182. 189.   0. 177.   0.   0. 189. 194.],['D'],D,CORRECT,,,
216,[187.5 193.5 193.  177.  177.  179.  177.  178.    0.    0.  177. ],['B'],B,CORRECT,,,
217,[185.  189.  179.  177.    0.  177.    0.  181.    0.  191.  179.5],['A'],A,CORRECT,,,
218,[  0. 182. 178. 190. 191. 185.   0.   0.   0. 190. 193.],['C'],C,CORRECT,,,
219,[177.    0.    0.  177.  185.  177.  177.    0.    0.  188.5 192.5],['C'],C,CORRECT,,,
220,[177.  181.    0.  189.  191.  185.    0.    0.    0.  190.  192.5],['C'],C,CORRECT,,,
221,[177.  177.  178.  180.  185.  180.  178.  177.5   0.  182.  192. ],['C'],C,CORRECT,,,
222,[186.  189.5 180.  177.    0.    0.  177.  177.    0.  177.  177. ],['A'],A,CORRECT,,,
223,[181.  184.5 182.  179.  185.    0.  178.5 177.    0.  181.5 181. ],['A'],A,CORRECT,,,
224,[181.  180.  177.5 177.  184.  177.  180.  177.    0.  188.  180. ],['A'],A,CORRECT,,,
225,[181.  179.5 178.  179.  184.    0.  181.  177.    0.  188.  181. ],['A'],A,CORRECT,,,
226,[186.  193.5 193.  177.  178.  185.  177.  178.    0.  177.  177. ],['B'],B,CORRECT,,,
227,[184.  189.  179.  177.5 179.  177.    0.  182.    0.  191.  179.5],['A'],A,CORRECT,,,
228,[  0.  177.  177.  185.  185.  184.  177.    0.    0.  180.5 191. ],['D'],D,CORRECT,,,
229,[  0. 177. 177. 185. 185.   0. 177. 187.   0. 181. 190.],['D'],D,CORRECT,,,
230,[  0.  178.  182.  188.  185.  185.    0.  187.    0.  187.5 198. ],['D'],D,CORRECT,,,
231,[177.    0.  180.  177.  184.  177.  177.  177.    0.  189.5 193. ],['C'],C,CORRECT,,,
232,[  0. 177. 177. 185. 185.   0. 177.   0.   0. 181. 191.],['D'],D,CORRECT,,,
233,[177.  177.  177.  179.  185.  181.  180.  177.    0.  180.5 191. ],['C'],C,CORRECT,,,
234,[177.  177.  177.5 177.  185.  181.  178.  177.    0.  186.  192.5],['C'],C,CORRECT,,,
235,[186. 190. 180. 177.   0. 181. 177. 177.   0. 177. 178.],['A'],A,CORRECT,,,
236,[177.  182.  179.  183.5 185.  185.  177.    0.    0.  189.5 193. ],['C'],C,CORRECT,,,
237,[177.  179.  178.  189.  192.    0.  179.  177.    0.  186.5 193. ],['C'],C,CORRECT,,,
238,[183.5 185.  180.  178.    0.  177.  179.  177.    0.  190.  178.5],['A'],A,CORRECT,,,
239,[184.  192.5 196.  181.  177.  177.    0.  177.    0.  185.  177. ],['B'],B,CORRECT,,,
240,[177. 177. 177. 179. 185. 181. 179. 177.   0. 183. 191.],['C'],C,CORRECT,,,
241,[177.  182.  177.5 190.  191.  185.    0.  177.    0.  191.  193. ],['C'],C,CORRECT,,,
242,[181.5 178.5 179.  177.  184.    0.  180.  177.    0.  188.  180. ],['A'],A,CORRECT,,,
243,[178. 189. 193. 177.   0. 179.   0. 177.   0. 186. 177.],['B'],B,CORRECT,,,
244,[184.5 191.  179.  177.    0.  177.  177.    0.    0.  184.  178. ],['A'],A,CORRECT,,,
245,[181.  180.  179.  179.  184.  177.  180.5 177.    0.  188.5 180. ],['A'],A,CORRECT,,,
246,[187.  194.  193.  181.  177.  185.  177.  177.5   0.  178.  177. ],['B'],B,CORRECT,,,
247,[177.  177.  183.5 181.  185.  184.    0.  187.    0.  188.  196.5],['D'],D,CORRECT,,,
248,[184.5 189.5 180.    0.    0.  181.    0.  182.    0.    0.  179. ],['A'],A,CORRECT,,,
249,[187.  194.  198.  180.  177.  178.    0.  177.    0.  178.5 177.5],['B'],B,CORRECT,,,
250,[  0. 181. 178. 190. 190. 185.   0.   0.   0. 190. 193.],['C'],C,CORRECT,,,
251,[177.   0. 180. 177. 185. 177. 177. 177.   0. 188. 193.],['C'],C,CORRECT,,,
252,[177.  184.5 178.  186.  187.  188.  177.  185.    0.  186.5 197. ],['D'],D,CORRECT,,,
253,[177. 184. 180. 186. 187. 191. 177. 185.   0. 186. 197.],['D'],D,CORRECT,,,
254,[  0. 177. 185. 182. 190. 184.   0. 177.   0. 189. 197.],['D'],D,CORRECT,,,
255,[187.  194.  192.  177.  180.    0.  177.  177.5   0.    0.    0. ],['B'],B,CORRECT,,,
256,[181.   0.   0.   0.   0.   0.   0.   0.   0. 189.   0.],['B'],A,WRONG,,,
257,[177.    0.  179.  183.  187.5 177.  177.  177.    0.  188.5 192.5],['C'],C,CORRECT,,,
258,[186.5 192.  193.  177.  180.  185.  177.  179.    0.  177.  177. ],['B'],B,CORRECT,,,
259,[185. 190. 180. 177.   0. 181. 177. 179.   0. 177. 179.],['A'],A,CORRECT,,,
260,[181. 180. 179. 178. 185. 177. 181. 177.   0. 188. 180.],['A'],A,CORRECT,,,
261,[  0.  177.5 183.  185.  185.    0.    0.  177.    0.  189.  198. ],['D'],D,CORRECT,,,
262,[  0.  177.  184.  183.  189.  184.    0.  177.    0.  189.  195.5],['D'],D,CORRECT,,,
263,[177.  177.  178.5 177.  185.  181.  178.  177.    0.  184.  191. ],['C'],C,CORRECT,,,
264,[184.  190.  181.  179.    0.    0.    0.  177.    0.  183.5 177.5],['A'],B,WRONG,,,
265,[187. 191. 198. 181. 177.   0.   0. 177.   0. 181. 177.],['B'],B,CORRECT,,,
266,[184.  191.  194.  178.5 177.  178.    0.  177.    0.  186.  180. ],['B'],B,CORRECT,,,
267,[180.  179.  178.5 178.  185.  177.  180.5 177.    0.  189.  181. ],['A'],A,CORRECT,,,
268,[181. 179. 178. 178. 184. 177. 181. 177.   0. 190. 180.],['A'],A,CORRECT,,,
269,[177.   0. 182. 187. 185. 185.   0. 182.   0. 187. 197.],['D'],C,WRONG,,,
270,[177.  182.  179.  189.5 191.  185.    0.    0.    0.  190.  193. ],['C'],C,CORRECT,,,
271,[182. 179. 178. 178. 185. 177. 181. 177.   0. 187. 180.],['A'],A,CORRECT,,,
272,[182. 184. 179. 177. 184. 181. 177. 177.   0. 177. 177.],['A'],A,CORRECT,,,
273,[177.  177.  177.  180.  185.    0.  179.  177.    0.  181.5 192. ],['C'],C,CORRECT,,,
274,[186. 194. 198. 181. 177. 178.   0. 177.   0. 181. 177.],['B'],B,CORRECT,,,
275,[183.  190.  177.  177.5 184.    0.    0.  180.    0.  189.  180. ],['A'],A,CORRECT,,,
276,[186.5 189.  193.  177.  178.  185.  177.  177.5   0.  177.  177. ],['B'],B,CORRECT,,,
277,[177. 177. 181. 183. 189. 184. 177. 177.   0. 184. 194.],['D'],C,WRONG,,,
278,[183. 189. 177.   0. 179. 177.   0. 183.   0. 190. 181.],['A'],A,CORRECT,,,
279,[182.5 189.  179.5 177.  178.  177.  177.  182.    0.  190.    0. ],['A'],A,CORRECT,,,
280,[184.  189.  177.5 177.  177.  177.  177.  182.    0.  191.  179. ],['A'],A,CORRECT,,,
281,[183.5 180.  179.5 181.  184.  177.  178.5 177.    0.  181.  179. ],['A'],A,CORRECT,,,
282,[  0.  178.5 177.  180.5   0.  187.5 177.  184.5   0.  120.  194. ],['D'],D,CORRECT,,,
283,[187. 194. 198. 179. 177. 185. 177. 178.   0. 181. 177.],['B'],B,CORRECT,,,
284,[185. 191. 194. 177. 177. 177.   0. 177.   0. 185. 179.],['B'],B,CORRECT,,,
285,[  0.  177.  184.5 181.5 190.  184.    0.  177.    0.  189.  196. ],['D'],D,CORRECT,,,
286,[187.  189.5 179.  177.  178.    0.    0.  177.    0.  177.  178. ],['A'],A,CORRECT,,,
287,[186. 194. 198. 180. 177.   0.   0. 177.   0. 179. 178.],['B'],B,CORRECT,,,
288,[187. 194. 198. 180. 177. 179. 177. 177.   0. 179. 177.],['B'],B,CORRECT,,,
289,[177.  181.  178.5 190.  187.  185.  177.    0.    0.  190.  193. ],['C'],C,CORRECT,,,
290,[177.  177.  177.  180.  185.  180.  179.5 177.    0.  181.  191. ],['C'],C,CORRECT,,,
291,[177.    0.  180.  177.  185.  177.  177.  177.    0.  188.5 193. ],['C'],C,CORRECT,,,
292,[177.   0. 179. 177. 185. 177. 177. 177.   0. 189. 193.],['C'],C,CORRECT,,,
293,[  0.  179.5 180.5 182.5 188.  188.    0.  181.    0.  188.  196.5],['D'],D,CORRECT,,,
294,[185.5 190.  181.  177.    0.  181.  177.  177.    0.  177.  178. ],['A'],A,CORRECT,,,
295,[  0.  179.  181.  187.5 186.    0.    0.  187.    0.  186.  198. ],['D'],D,CORRECT,,,
296,[184.  191.  193.5 177.  177.    0.    0.    0.    0.  186.  179. ],['B'],C,WRONG,,,
297,[177. 177. 177. 179. 185. 180. 179. 177.   0. 181. 192.],['C'],C,CORRECT,,,
298,[177.   0. 180. 177. 185. 177. 177. 177.   0. 189. 192.],['C'],C,CORRECT,,,
299,[187. 194. 198. 180. 177. 178.   0. 177.   0. 182. 177.],['B'],B,CORRECT,,,
300,[187.  190.  193.  177.  179.  185.  177.  179.5   0.  177.  177. ],['B'],B,CORRECT,,,
301,[  0.  177.  177.  183.  184.  186.  178.    0.    0.  182.5 193. ],['D'],D,CORRECT,,,
302,[186. 194. 193. 177. 178. 185. 177. 178.   0. 177. 177.],['B'],B,CORRECT,,,
303,[177.  178.  182.  188.  184.  185.  177.  187.    0.  186.  197.5],['D'],D,CORRECT,,,
304,[177.  178.  181.5 187.5 186.    0.    0.  187.    0.  187.  195. ],['D'],A,WRONG,,,
305,[182.5 177.  179.5 178.  182.    0.  180.  177.    0.  188.  180. ],['A'],A,CORRECT,,,
306,[184.5 190.5 182.  177.    0.    0.    0.    0.    0.  177.  178. ],['A'],A,CORRECT,,,
307,[182. 181. 179. 179. 184. 177. 181.   0.   0. 189. 180.],['A'],A,CORRECT,,,
308,[177. 178.   0. 187. 185. 185.   0. 186.   0. 185. 197.],['D'],D,CORRECT,,,
309,[187. 194. 198. 181. 177. 178.   0. 177.   0. 181. 177.],['B'],B,CORRECT,,,
310,[177.  177.5 183.5 182.  185.    0.    0.  177.    0.  188.  197. ],['D'],A,WRONG,,,
311,[177.   0. 181. 177. 183. 185. 177. 179.   0. 180. 191.],['D'],C,WRONG,,,
312,[186.5 191.  193.  177.  178.  185.  177.  177.    0.  177.  177. ],['B'],B,CORRECT,,,
313,[177.   0. 181. 177. 185. 177. 177. 177.   0. 188. 193.],['C'],C,CORRECT,,,
314,[  0.   0. 177. 177.   0.   0.   0.   0.   0. 181.   0.],['A'],D,WRONG,,,
315,[187. 194. 198. 180. 177. 179.   0. 177.   0.   0. 177.],['B'],B,CORRECT,,,
316,[177. 179. 182. 188. 185. 186.   0. 187.   0. 187. 198.],['D'],D,CORRECT,,,
317,[177.  177.  177.  179.5 185.  180.  179.  177.  177.  181.  191. ],['C'],C,CORRECT,,,
318,[186.5 194.  198.  180.5 177.  179.    0.  177.    0.  181.  177. ],['B'],B,CORRECT,,,
319,[  0.  186.5 179.  177.  177.    0.  179.  181.    0.  187.5 181. ],['A'],D,WRONG,,,
320,[177.  177.  177.  177.5 185.  180.  179.  177.    0.  182.  191. ],['C'],C,CORRECT,,,
321,[177.  181.  180.  183.5 192.  177.    0.  177.    0.  190.  193. ],['C'],C,CORRECT,,,
322,[  0. 177. 177. 185. 185. 184. 177. 177.   0. 180. 192.],['D'],D,CORRECT,,,
323,[186.  194.  199.  180.    0.  178.    0.  177.    0.  181.5 177. ],['B'],B,CORRECT,,,
324,[  0. 177. 181. 188. 185.   0.   0.   0.   0. 185. 198.],['D'],D,CORRECT,,,
325,[  0.  177.  177.  185.  185.  183.  177.    0.    0.  181.5 192. ],['D'],D,CORRECT,,,
326,[187.  192.  193.  177.  178.  185.  177.  178.5   0.    0.  177. ],['B'],B,CORRECT,,,
327,[185.  190.5 194.    0.  179.  177.    0.  178.    0.  182.  179. ],['B'],B,CORRECT,,,
328,[  0. 177. 184. 182. 190. 185.   0. 177.   0. 189. 196.],['D'],D,CORRECT,,,
329,[177.  177.  181.5 188.  185.  185.  177.  186.5   0.  185.5 198. ],['D'],D,CORRECT,,,
330,[177.  177.  177.  180.  185.  181.  179.  177.    0.  180.5 191. ],['C'],C,CORRECT,,,
331,[  0.  177.  177.  185.  185.  184.  177.    0.    0.  179.5 193. ],['D'],D,CORRECT,,,
332,[187.  191.  195.5 181.  177.  177.    0.  177.    0.  178.5 177. ],['B'],B,CORRECT,,,
333,[177.  181.5 177.  190.  191.  185.    0.    0.    0.  191.  193.5],['C'],C,CORRECT,,,
334,[184. 189. 179. 177.   0.   0. 177.   0.   0. 177. 178.],['A'],A,CORRECT,,,
335,[177.    0.  179.  177.  185.  177.  177.  177.    0.  189.  192.5],['C'],C,CORRECT,,,
336,[180.  177.  180.  180.5 185.  177.  181.  177.    0.  190.  181. ],['A'],A,CORRECT,,,
337,[186.  194.    0.  180.  177.  178.    0.  177.    0.  178.5   0. ],['B'],A,WRONG,,,
338,[177.  183.  177.5 190.  191.    0.  178.  177.    0.  185.5 193. ],['C'],C,CORRECT,,,
339,[184.  190.  178.5 177.  178.  177.    0.  182.    0.  191.  180.5],['A'],A,CORRECT,,,
340,[184.  184.5 179.  179.  184.  177.  181.  177.    0.  189.  179.5],['A'],A,CORRECT,,,
341,[186. 194. 198. 180. 177. 179.   0. 177.   0. 180. 178.],['B'],B,CORRECT,,,
342,[186.  190.  181.  177.5   0.  177.  178.    0.    0.  177.  179. ],['A'],A,CORRECT,,,
343,[  0.  177.  177.  187.  185.  184.  177.  187.    0.  183.  193.5],['D'],D,CORRECT,,,
344,[184.  190.  177.  177.    0.    0.    0.  181.    0.  191.  180.5],['A'],A,CORRECT,,,
345,[  0. 177. 177. 185. 185. 183. 177.   0.   0. 180. 191.],['D'],D,CORRECT,,,
346,[177. 182. 178. 190. 191. 185.   0.   0.   0. 190. 193.],['C'],C,CORRECT,,,
347,[184.  191.  195.5 179.    0.  178.    0.  177.    0.  186.  181. ],['B'],B,CORRECT,,,
348,"[185.         194.         131.33333333 181.         177.
 179.           0.         177.           0.         180.5
 178.5       ]",['B'],A,WRONG,,,
349,[  0. 184. 179. 185. 185.   0. 177. 185.   0. 187. 197.],['D'],D,CORRECT,,,
350,[187. 192. 193. 177. 178. 185. 177. 178.   0.   0. 177.],['B'],B,CORRECT,,,
351,[  0.  177.  177.  185.  185.  183.  177.  188.    0.  181.5 194. ],['D'],D,CORRECT,,,
352,"[187.5        193.         198.5        179.         178.5
 178.         177.         177.           0.         118.66666667
 177.        ]",['B'],B,CORRECT,,,
353,[184. 189. 178. 177. 179. 177. 177. 181.   0. 191. 180.],['A'],A,CORRECT,,,
354,[177.  178.  181.5 188.  185.  185.  177.  181.    0.  186.  198. ],['D'],D,CORRECT,,,
355,[  0.    0.  180.5 177.  185.  177.  177.    0.    0.  188.  193. ],['C'],D,WRONG,,,
356,[186.  192.5 198.  181.  177.  177.  177.  177.    0.  180.  177. ],['B'],B,CORRECT,,,
357,[183.  189.  178.5 177.  179.    0.    0.  181.    0.  191.  181.5],['A'],A,CORRECT,,,
358,[186.  190.  180.5 177.    0.  181.  177.  177.    0.  177.5   0. ],['A'],A,CORRECT,,,
359,[  0.  177.  179.    0.  185.  177.  177.  177.    0.  189.5 193. ],['C'],A,WRONG,,,
360,[184. 191. 194. 177. 177. 179. 177. 177.   0. 187. 179.],['B'],B,CORRECT,,,
361,[  0. 177. 185. 182. 190. 185.   0. 177.   0. 188. 196.],['D'],D,CORRECT,,,
362,[  0.    0.  177.  186.  185.  184.  177.    0.    0.  180.  191.5],['D'],D,CORRECT,,,
363,[186.  190.  179.5 177.    0.  179.  177.    0.    0.  177.5 177. ],['A'],A,CORRECT,,,
364,[177.  177.  177.  180.  185.  181.  179.  177.    0.  182.  191.5],['C'],C,CORRECT,,,
365,[  0.  177.  178.  188.5 181.  184.  177.  185.5   0.  184.  194. ],['D'],D,CORRECT,,,
366,[177. 182. 179. 177. 185. 177. 177. 177.   0. 189. 193.],['C'],C,CORRECT,,,
367,[  0.   0. 179. 177. 185. 177. 177. 178.   0. 188. 192.],['C'],C,CORRECT,,,
368,[186.  191.  179.    0.    0.  181.  177.  177.    0.  177.  177.5],['A'],A,CORRECT,,,
369,[  0.  177.  179.  185.  185.  185.  177.  187.    0.  180.  193.5],['D'],D,CORRECT,,,
370,[184.  191.  194.  177.  177.  177.    0.  177.    0.  187.5 178.5],['B'],B,CORRECT,,,
371,[  0. 177. 177. 185. 185. 184. 177. 177.   0. 180. 190.],['D'],D,CORRECT,,,
372,[185.  191.  194.    0.  177.  178.    0.  177.    0.  187.5 179. ],['B'],B,CORRECT,,,
373,[181. 179. 179. 178. 184. 177. 179. 177.   0. 189. 181.],['A'],A,CORRECT,,,
374,[  0.  177.5 177.  185.  185.  183.  177.    0.    0.  181.  192.5],['D'],D,CORRECT,,,
375,[  0.  182.  178.  183.5 191.  185.  177.    0.    0.  189.5 193. ],['C'],D,WRONG,,,
376,[177.  182.5 177.  190.  191.  185.    0.    0.    0.  190.  193. ],['C'],C,CORRECT,,,
377,[177. 177. 177. 185. 185. 184. 177. 186.   0. 183. 195.],['D'],D,CORRECT,,,
378,[187.  194.  198.  180.    0.  179.  177.  177.    0.  180.5 177. ],['B'],B,CORRECT,,,
379,[  0.  177.  177.  185.  185.  183.  177.  177.    0.  181.5 190. ],['D'],D,CORRECT,,,
380,[  0. 177. 177. 184. 185. 184. 177.   0.   0. 182. 193.],['D'],D,CORRECT,,,
381,[185. 193. 198. 179.   0. 178.   0. 177.   0. 179. 177.],['B'],B,CORRECT,,,
382,[177. 177. 177. 178. 185. 182. 179. 177. 177. 181. 191.],['C'],C,CORRECT,,,
383,[177.  180.  178.  189.  188.  180.  179.    0.    0.  185.5 192.5],['C'],C,CORRECT,,,
384,[177.  181.  178.  190.  191.  185.    0.    0.    0.  190.5 193. ],['C'],C,CORRECT,,,
385,[177.  183.  179.  185.5 187.  188.  177.  185.    0.  184.5 197. ],['D'],D,CORRECT,,,
386,[186.5 190.  179.  177.    0.  180.  177.    0.    0.  177.  178. ],['A'],A,CORRECT,,,
387,[186.  189.5 180.  177.    0.  181.  177.  182.    0.  190.  179. ],['A'],A,CORRECT,,,
388,[177. 180. 178. 190. 191.   0.   0.   0.   0. 190. 193.],['C'],C,CORRECT,,,
389,[177.   0. 177. 185. 185. 184. 177.   0.   0. 180. 190.],['D'],C,WRONG,,,
390,[177.   0. 179. 177. 185. 177. 177. 178.   0. 187. 193.],['C'],C,CORRECT,,,
391,[187. 190. 182. 177.   0. 181. 177.   0.   0. 178. 178.],['A'],A,CORRECT,,,
392,[185.  191.5 193.  177.  177.  178.    0.  177.    0.  187.  179. ],['B'],B,CORRECT,,,
393,[181.  179.5 179.  178.  184.  177.  180.  177.    0.  188.  180. ],['A'],A,CORRECT,,,
394,[177.  182.  177.5 190.  191.  185.    0.    0.    0.  190.5 193.5],['C'],C,CORRECT,,,
395,[185. 191. 194. 177. 177.   0.   0. 177.   0. 187. 179.],['B'],B,CORRECT,,,
396,[  0. 177. 177. 185. 185. 184. 177.   0.   0. 180. 192.],['D'],D,CORRECT,,,
397,[185.  190.  180.5   0.    0.  179.  177.    0.    0.  177.  177. ],['A'],A,CORRECT,,,
398,[  0. 177. 177. 185. 185. 185. 177.   0.   0. 182. 192.],['D'],D,CORRECT,,,
399,[  0. 177. 177. 185. 185. 184. 177.   0.   0. 181. 192.],['D'],D,CORRECT,,,
400,[182.  189.  178.  177.  184.  177.  181.  177.    0.  190.  180.5],['A'],A,CORRECT,,,
401,[184.  190.  177.5 177.  178.  177.  177.  180.5   0.  191.  180. ],['A'],A,CORRECT,,,
402,[177.    0.  177.5 177.  185.  177.  179.  177.    0.  185.  192. ],['C'],C,CORRECT,,,
403,[  0.  177.  177.5 179.  185.  181.  178.  177.    0.  182.  192.5],['C'],D,WRONG,,,
404,[183.  189.5 180.  177.  178.  177.  177.  182.    0.  184.  179. ],['A'],A,CORRECT,,,
405,[  0.  178.5   0.  181.  178.    0.    0.  181.    0.  177.  193.5],['D'],D,CORRECT,,,
406,[177.  179.  179.5 188.  185.  183.    0.  187.    0.  186.  198. ],['D'],D,CORRECT,,,
407,[177.   0. 179. 178. 183. 177. 177. 177.   0. 188. 193.],['C'],C,CORRECT,,,